source,title,link,date,matched_keywords
TechCrunch,"Sam Altman would like remind you that humans use a lot of energy, too",https://techcrunch.com/2026/02/21/sam-altman-would-like-remind-you-that-humans-use-a-lot-of-energy-too/,2026-02-22,AI
TechCrunch,Wikipedia blacklists Archive.today after alleged DDoS attack,https://techcrunch.com/2026/02/21/wikipedia-blacklists-archive-today-after-alleged-ddos-attack/,2026-02-22,AI
TechCrunch,Microsoft’s new gaming CEO vows not to flood the ecosystem with ‘endless AI slop’,https://techcrunch.com/2026/02/21/microsofts-new-gaming-ceo-vows-not-to-flood-the-ecosystem-with-endless-ai-slop/,2026-02-22,AI
TechCrunch,Google VP warns that two types of AI startups may not survive,https://techcrunch.com/2026/02/21/google-vp-warns-that-two-types-of-ai-startups-may-not-survive/,2026-02-22,AI
TechCrunch,OpenAI debated calling police about suspected Canadian shooter’s chats,https://techcrunch.com/2026/02/21/openai-debated-calling-police-about-suspected-canadian-shooters-chats/,2026-02-22,AI
TechCrunch,India’s Sarvam launches Indus AI chat app as competition heats up,https://techcrunch.com/2026/02/20/indias-sarvam-launches-indus-ai-chat-app-as-competition-heats-up/,2026-02-22,"AI, India"
TechCrunch,The creator economy’s ad revenue problem and India’s AI ambitions,https://techcrunch.com/video/the-creator-economys-ad-revenue-problem-and-indias-ai-ambitions/,2026-02-22,"AI, India"
TechCrunch,"Remember HQ? ‘Quiz Daddy’ Scott Rogowsky is back with TextSavvy, a daily mobile game show",https://techcrunch.com/2026/02/20/remember-hq-quiz-daddy-scott-rogowsky-is-back-with-textsavvy-a-daily-mobile-game-show/,2026-02-22,AI
TechCrunch,Anthropic-funded group backs candidate attacked by rival AI super PAC,https://techcrunch.com/2026/02/20/anthropic-funded-group-backs-candidate-attacked-by-rival-ai-super-pac/,2026-02-22,"AI, Congress"
TechCrunch,"Apple’s iOS 26.4 arrives in public beta with AI music playlists, video podcasts, and more",https://techcrunch.com/2026/02/20/apples-ios-26-4-arrives-in-public-beta-with-ai-music-playlists-video-podcasts-and-more/,2026-02-22,AI
TechCrunch,InScope nabs $14.5M to solve the pain of financial reporting,https://techcrunch.com/2026/02/20/inscope-nabs-14-5m-to-solve-the-pain-of-financial-reporting/,2026-02-22,"AI, Financial, Automate"
TechCrunch,Great news for xAI: Grok is now pretty good at answering questions about Baldur’s Gate,https://techcrunch.com/2026/02/20/great-news-for-xai-grok-is-now-pretty-good-at-answering-questions-about-baldurs-gate/,2026-02-22,AI
TechCrunch,Ukrainian man jailed for identity theft that helped North Koreans get jobs at US companies,https://techcrunch.com/2026/02/20/ukrainian-man-jailed-for-identity-theft-that-helped-north-koreans-get-jobs-at-us-companies/,2026-02-22,AI
TechCrunch,‘Toy Story 5’ takes aim at creepy AI toys: ‘I’m always listening’,https://techcrunch.com/2026/02/20/toy-story-5-takes-aim-at-creepy-ai-toys-im-always-listening/,2026-02-22,AI
TechCrunch,Meta’s metaverse leaves virtual reality,https://techcrunch.com/2026/02/20/meta-metaverse-leaves-vr-horizon-worlds-mobile/,2026-02-22,AI
TechCrunch,Lucid Motors slashes 12% of its workforce as it seeks profitability,https://techcrunch.com/2026/02/20/lucid-motors-slashes-12-of-its-workforce-as-it-seeks-profitability/,2026-02-22,AI
TechCrunch,"AI’s promise to indie filmmakers: Faster, cheaper, lonelier",https://techcrunch.com/2026/02/20/ais-promise-to-indie-filmmakers-faster-cheaper-lonelier/,2026-02-22,AI
Google News (india),India Tariffs Cut To 10% As Donald Trump Faces US Supreme Court Setback - NDTV,https://news.google.com/rss/articles/CBMizAFBVV95cUxQVlE1anFUMXNuZlI3RHUwc2xZbzB0QnpUeEhCSmh1TEtNZy1tbnJVSWNFYnlzNE5Va0xnTmtTRDNGT0s0d01CX0xkLXIyT2ZhQkJFa21xZVBmczNXUmRzb3VDaHBVRklsTEsyN1liTUpjT182YWxHMloyUFJXQ0VzNTgzTDRCa3NfYTRNX0xUZ25SeS1fX0l4cUpvVXZSYnBoOG9oSDFDbXJQQnZTU29KdHowcy00WjE5RjB3cHprRE92bEsxakNPX1lSZkbSAdQBQVVfeXFMTTl3ei1wRk1RSkd2OFVrRkFhSXpOcko1MGoxanZXeVFKMUN1dGxkMG5GN1hJNW9SdHlJMFhxcThvM1VxdUgzaHIxeGU3YUU1VDhveERic29rck02aVgwV2tlNkpCOHRpeVFWLXFpcURYazl2N0FDaXRSWjlkdWpyc2NFZmhqdC1fY3RqcHh1SE9pRS0wT2Z2U1VvZkt3VUNzOVVyRWxvbnVKN21YclVuSzduYi0wWlBKYV9ub3BYMndBSi04WHQ0NmtMZzdiRjlSQlNFdEk?oc=5,2026-02-22,"ML, India"
Google News (india),Trump accuses SCOTUS of being swayed by foreign interests after legal setback; attacks US companies and a - The Times of India,https://news.google.com/rss/articles/CBMixAJBVV95cUxOT1A5WHlMQlByWEhoNFg3T1ZwTTB3Sm84cUYzVkZsU21iSjZHdzUzQjJ4X0xKSlhNY0dpUmxQZk9NNjk2RkltdVEzYnZIMHRlMnhwOGNtSTEzS2xTSFFCVzdDYXo5U0loOV94U0JQT1NPMHNMMlo5OXEwZ1VaTUZ3TG5nS1NhSG5qTjNobjR3Si15NEhIV0FDaUdGWjRHNnU4NGdpeGNoZXVlOW9RSGphb28zMzJ0M0xUclpCMk5TLWx6RVdmUHBRSTdScXNjeHdsZVdZUnpaaHU3dXFXWnVIVWJOeFljenRNbnpIQVFVZXFCdklrSnZobkZYbTZycEhIUmxGclI0VkRfcHBoZTBhVThQUk9JbDdQQ3NxRDhUWnBKLWY3ZUpRMTRyTGJVaHhNTkRMOVZ4RTZ6R3hlZllucG9tX1_SAcoCQVVfeXFMTmpfSlRZSDNNcHd2QjJIZGdKcE5USUdtRkxfNjRob1Q5aEpaWlNHcTM3bmtMckRmTzFvYkpKbFVIYnFHcjZQLVd1RFZXb2ZPdG9idlFaYkFmR2dVemhvVDFZNFZmV0hTR3p2OWZ6bzdVd2hkWWRYNjRwa0c4OVF1OTRzRmVycXItZTBBSDIxcUJmb3NHTm5jTFdkVTVncWVvbGZieHJPeGhnemRRZUJSR0JkV25lZEh1WG95Rkp3dmd3N0pfNFhKZVo1VW5adDB3bE5UaGtGSEJJdmgtSERPMllVcWxPc0hFcHBNTk4xYWdqdmlicXVMTHJzY0NYNWtnY0NjcHNJZkpKTVlvME9MbUViUEZxb09KQ3lna1BmLTBaNEhPeTFHSW9COUVuVDlKZkJHSTZ2MXNrQ0N3UUR6a0F4Vlkyd0dwdVdR?oc=5,2026-02-22,"ML, India"
Google News (india),"“5, 6, 7… 11?” Donald Trump Keeps Upgrading His India-Pak Jet Count - The Times of India",https://news.google.com/rss/articles/CBMizgFBVV95cUxQWVpFY2tiS0N2cHc3MVBvR2RRODBvcmFXSDdFNGJFbjAzLTZONHBJaUdaUW5YcmtZX0haMFc0SE11VVF4VTVYYzV5SGJ6b25XOWxTazBzbm9vMG42NWpQbm1TOVpZRjUzOTItY3lWSG9ZUzFLdWpyTmllM1NfdURkQjZHbG1ibXg1QnppYTdEMmlNWVk4dGc5cmoxV3lLLXZNUlFvb2NfN1kxQi1JeUdlSnc4WW0yN21PWTBTZFpoNU1qUjF5UE9MOXhVQ3NSQdIB0wFBVV95cUxQa3VMb3VPdlVkZ1Zub1czeklvVVUzSHNSRHFaVThfUmpxV19FaUJJc2VTLXhZWmlUNHNjLURPRHFjTlZEZEEwS2Z2MXZxUklUNnFtMjRRaUxkYlFQYV9iUnYtSEFXX1laQU1FTmV2MmJENkU4TzJEY1h4Vnk2bEI5QzlmT1ZVb2t2Nl8tX1VtMUNDR1FaYlZYeGZVQzhrcDk3VzRwMmloNnZGSFQ2V2EySUFoRUR3YXZEYjJJaldqM2htbXktUHZsZkVVUERLdVpTSm53?oc=5,2026-02-22,"ML, India"
Google News (india),PM Modi Sets 20 Billion Dollar Trade Target As India And Brazil Call Ties A Win Win Partnership - The Times of India,https://news.google.com/rss/articles/CBMi-wFBVV95cUxNOUU2WHJzdWJLNzV1aktzbk1QLWx6c1ZMNVYyRWNNWjE2b0U3WGJxelc3SEtsbnJxVDVSMEJaOXhRbVB4cF9INjk3RVV5ZHBkZ29KOU4yaFNyOGhtRHlvNm4tMjRTT20zUW5KSm5FNUNvcWNLbnZHRDU5YVk5NnpPQ2pPdVF2OEdnSUV0Z3pfbURXUHNQNTdVbndsWFFsUmhVOEQzbU96Y1BzWm1tVTB0MENlQ1FFSmxLcFpfcXREbVBaalVfdG9SOGRoSUgzREhqdFp4Zzh0c2JHV2FFTWZDZjlwdEFyR29CUUUzelp5Zm01MnY4YnpNVUJRTdIBgAJBVV95cUxOV2xwVVVHNTh2LVA3UXhaOVpMdklzbmdrdjZkWS16V3E0dGdWMGRBSk0zRWNFbFQ2S1V1RUh6OGdmdnVYZ2FjQ29jbVdrZ0kya1IySWk0NjRDR0lpbUtESFZPb0o3ZnN2OGdCeVVVbVhlT3JZSGYwdWt1ZUlYT092WEJISlhNaHUzcW91V1ZmZEhoOHBiRjc1Q2xCQTRBbXBCR3BKa3M4bDZxYV91NENBd1htZnExR2Z3ZDQ0dFMtakpJX3psSjk4a3JrckJFSXA1MGdwZ1d0U1RNUVR2aGREZFJfRHhDX0ZJeVZjWF9xc0ZObDFVTHFtSGlBdTFtRkEy?oc=5,2026-02-22,India
Google News (india),"India, Brazil sign mining pact as Modi targets $20 billion trade in five years - Reuters",https://news.google.com/rss/articles/CBMivgFBVV95cUxPSHp0eFBJVy1JYUJSWmlkejNXZ3Q1VXNWUXhIbFdxd3doRE9ORWpTbnRNWmVkWlM3OFJEUXpfeVR0bmVhQmM0LXZrdWl5Rk9oTjJPeU5CZzU2dzdmOUxLVkczRXdOVUs3eXlTclhhVjhFTTRJNFhiRlNkQ3ZWWnJfUHlhMUN6aFo5dkxOUVQyTTBRakE0dzdTVUUyeFRxS1F2NS03bURRR3REbkpLSmtTdEc4NTNMbUludldEQTlB?oc=5,2026-02-22,"ML, India"
Google News (india),"India is honoured to welcome President Lula and his delegation, which includes distinguished ministers and business leaders. India-Brazil relations have long benefited from President Lula’s vision and inspiring leadership. His presence at the AI Summit has a - x.com",https://news.google.com/rss/articles/CBMiY0FVX3lxTE1MV1BSdGVSenB3WS1fRzZsb2V2UkliQkFERHFzNE5BRnVqWjFKM3EzR3lpMzJwb01nX2lXYldfeTFJbVFIZXRGYjRzSEN3ZlNDRlVvWV9vd2xzN0lQM09XR1NYNA?oc=5,2026-02-22,"AI, India"
Google News (india),"8 arrested for plotting terror attack in India; links to Pak, Bangladesh uncovered: Sources - India Today",https://news.google.com/rss/articles/CBMi9wFBVV95cUxPZFZYNjJWSm9PSTczaDVNLTBOVVktTWRNV0RlRnlBWHA2WVRIWl9EdXJVRjBDYjdiY3lJNGtUNm4tSUZ0MnlTYVdTMVN4bVFtbDNxMEtXc0RsdkRFd2c3X05mYk1iQ0pUTFZDdS12dldTdnN3b0FHTk1jTG9UNHR5d0pGUWRndlhtS0hmMWRPNVhDeVpmNDdfRWp2SWdzd0JjbElHdFVYWGdKVXBoUV9NcHl6WUZZRWcxWW5CVEhXZUk5S0d0Q0JBZFo5a29wM1JvaVg0NVpuaklwc3NGWXhUeHA2dlJJa2diLXR0cDVzMnI3MUw4emEw0gH8AUFVX3lxTE1qYWo4UkMyWElRN2xjNEFaLWNReS1ENVgtOTB0TzdyTEIxY3NWWGY5RVpPTWtGS2VCbEZQN1Y0ZUhlQm5NV2E1VDVtM0ZMelpxY3VaXzBRdTN6MkJybVQ1QS1uWTRyVGtLcVpSSHcxN2lEMUx4YmltcGE5OVVzSmpqby00YkpDV2lPeTM0UEZaOUQ2LThmQ1NLMWtZMG1xSE95MjRBVWhKdmQ2dG41RUpzLXE1Ui02Z2xkUURoc1lyekMyWlJySEs4c1hNRm5vYW9FR3ZHMWFpWGJkWFBoek9nbDBMMmVwTUVYR1BLNlAwVGNRY05Ld1BUVTNXdQ?oc=5,2026-02-22,"ML, India"
Google News (india),"8 With Links To Pak's ISI, Bangladesh Arrested For Plotting Attack In India - NDTV",https://news.google.com/rss/articles/CBMi0AFBVV95cUxPQWNPNFQ1TFFDWWh0ODlBejhEZXAzODZyamsySVpXa0tacFdINUZRLWwwcm53WWZtcWxOX2c5QzFMVDI0elBPclV0UWJaUk5iY18zazBuVWtRTXBablFrTW5xQURtNk5zNzhUYmNFeGk5YkJqc1lOdjFoS0N4UW1CRVY3dUVsWVdmUkpHOHZkb016T2V0dV9FdXdkS1d0ZGRVRW5qM2RmdXpQdS1BcEo1d280Y3lFdHpBbTE2ekVvdFZDXzZ5ZlJQd2NmeEwwVUdf0gHYAUFVX3lxTFB5dzRoRVE2Vy1XZ19YZHNYbGZHUXlQenZoUGlJMW4wYWVQVVp6MTF1T2d1ZzZQUWQxTkI1NFVPUlZKM05ldzJGY19HUkg2Z0xLMzlpQ1N3MmhMMm40X1ByRkt6Y3U0WHlSSHplckZNdFo2dUotSFJieU5CQjVFdWVheTFTOXZWRF82UnBlSDFvTHYxVDlpUWtKSXZLZHFZaE9tVnM3aXpfWTBKcEJLblp1UDlwcXZCQmhtcXVFSThmSXZ4WHZzckpndjFXQ2E4dFJmV0RnZ0EwbA?oc=5,2026-02-22,India
Google News (india),Eco India: How an ancient pastoral practice is boosting soil fertility in Tamil Nadu - Scroll.in,https://news.google.com/rss/articles/CBMixAFBVV95cUxNcUp5UWI3V19NNGtVcU1KdnBzM3pQRWN1ZkhjVDVqUkNySW1Oc2FzTXhIa01QNHBoOTdqWVlTdUxJY2diRDhJUGZLM3NacDJvTHdQS3l0NHpMSHN2M0RJdmRFV2F5Mk5HZ2l0cXpiNDlTTVYzdGZYenFJYUJVcmoxeG1FdDRvWHZQYW9saGFLaHJraFoyd05HMVVNN1RnT18xcFkxTGh4U0ZBbDE5UHM2czZqOEdzSEJLc1loOU9LZ2VBVEpH0gHKAUFVX3lxTE96ZkZGS0tUZ2ZZTVBQbUxrQ1k1aDBqUkpMZV8wN2g4NnpMbTRYSFZiQ25wUWpublhORXBtMFBhcGtsazU1NFZGSzlrOTNJUXFBdmdRRm93SWd4ZGdpeVpzaHNKeXkzVWhMV29aY29PYlpheExlOTVDUFV5MUlpN1Y5cURURFZFOVo0eHlEcW82NmFZdzJLOV81OGI3UFlrZFhPSW9RbFdPU2RjV19ZYlNZZmxCZEU0d0ZYVlhuUGtHNUQzM1VEQmY1QWc?oc=5,2026-02-22,India
Google News (india),"Chaos, confusion and $200 billion dreams: What I saw at India’s AI summit - CNBC",https://news.google.com/rss/articles/CBMiaEFVX3lxTE5Hb2p3em1Pbmt6Rm1PN09hSW0yU3JaelU2UXE2bVFPazRnaGJ2MTlEYTUzdmVLRllRU0pMa2xiRlE3eEFfc1ZuQ3NBUFNZY01hVGRuZmxoOFZ0YWVWWmFkZ0JkRWpiSjdC0gFuQVVfeXFMTlJEcjViTXd4V1pCYmJ1ZXBvS2xLUHdWWW1Ld0JPSElLNVlBVnlVSG1WRXVkdUFZbklBQVUxUG1rMEdERE1BTElvZzZMRDhJUnN6aW0zVzFDU3NOZVhCb0JjTGxVRnkwZWlxQ1I5RHc?oc=5,2026-02-22,"AI, India, Congress"
Google News (india),India among four nations driving most global pesticide toxicity: study - The Hindu,https://news.google.com/rss/articles/CBMi3wFBVV95cUxQeVZuakYtXzRxaGFmVTB1Y3RuQklqZDdjWm40N2hrLUxxYkRaWjZyV0tHei1zWV9nVFdSdU9HTk91d3BqWnlyUGdKbGdOaHZUcjU1R2RIUmNWUzlNS1NibVRjZVQ4VDBoWExkRlR3TThNTlRkNVhRRTBveUFnaXFiSDhmdVNaeDJoTUlqZFppVHFXc3BJdVhqbzdOdkxXVWRuSTROTG9KOFlqN3M2NGxOdWo4a0RRbnFyTnNJWU1haVh0VWhCaGhCb0JrTTJFclNxQUowT1NZT0UzTEZjTTZF0gHmAUFVX3lxTE01MGJMczIzSjV1bmlOclJ4Sko3QnpGTU5mRHM2eUVtUVFzVFl4U0tWYmlrWHlLOUZiYlNJU3pqdHdmN1B3djgxS0NDWnBBM3BjRXl6SndlWlROX3FtbnBGajlfY1NEU1RjajQwZFVicmZ0R3ozNGlvVU9xMEM1Q2JmYUlyU1hzRkduenpnLWhCQ1VyM1B3ek9DTm5XcFVFelpRbVJVQ28yMDFTQzlVMGZjdTY0dUVnM19SMmM5alA2S2dQNXhzTnAtWldEWGFKZjRQNnBDUlFLc21UekprZnliNkl1U3BR?oc=5,2026-02-22,"ML, India"
Google News (india),UK doctor stuck in India after police case over Facebook post - BBC,https://news.google.com/rss/articles/CBMiWkFVX3lxTE56ZWo2MUJqU1NyVFFuNHVfR2l6b3g4bXdRdWxoZndGR2VYNHotX3lURC10TE56ejV0VERFejVrcDBzdFhxUXVJUk02c2ZYckt0UmNHc0xORWVFQQ?oc=5,2026-02-22,India
Google News (india),"India’s Silicon Beach: As Bengaluru sputters, a new IT haven in taking shape on Karnataka’s coast - ThePrint",https://news.google.com/rss/articles/CBMixwFBVV95cUxNdTN5U1Y3S1FxeVFFcEhkNG9oUmF4Q1lzYmZ2U3ByWVB3eEtvcEEwU0ZaTTgwOU96VVZVZ3hvNmZsLVU2dnNPYjJYTXBUZHExSnhqX3FFNWgwR3ZLZ0hIUng2T1JlRkUxVGtjU2NJdFRaOWsxcXJCdnVMVjZvUnl0ZXJfUVJMU1hOelVOZXJqRDJ5cl83ZWJ6SVJWWkR3VGlpR2w4QWZaRmVmTnBEaElFMVBIY0lIV1FWTXpFSENiMUFTcHNfS1pr0gHMAUFVX3lxTFBPX3pwZThEYzJSM1FybzZ4dmhkQzNqWHZvNVcxR01ia3d4ZTlfWl81RFFPVGhKeDJaZjFrLVVKRXhGQkstVHlIRDlORG9qbXl5aHdYYlVNVmV6Tjg4QTkwcENHUzlSSEM3bVkxZGQ2QWtIV3NMMW5Hc05BLVRNMXpqd2dwWUpsMmpmaDlKS0lmekFUUC1BOVotMG1ZWTFDQ1RBQTFzTzJXbS15RFJlTmZ4MmRoeGhybzRxVFBYR2VMRUZkNS1sSUNSaTdHbA?oc=5,2026-02-22,India
Google News (india),India must worry about a Turkish nuclear weapon - The Sunday Guardian,https://news.google.com/rss/articles/CBMiowFBVV95cUxOLTE2b3dmbFpDdmo5NVhGWldfTWtoNFBsZU1oVTNCNEw0QWktVVJ0Vllfay0zOWpEV2ZRUk96Um1LUDFPSk9NeTJ1ZXlZUFd2c2JFaEZqalJhWU9mdWhhNE1hRGQ3cG45UG1WdTNLd2xCQ3pVd2N2cG9kLXJlMGNZNHN1OEVHd19nSWRlU0xSQ2ZjOXNDSWZvTngwXy00c3o2cFFv?oc=5,2026-02-22,India
Google News (india),India signs critical minerals deal with Brazil to curb dependance on China - Al Jazeera,https://news.google.com/rss/articles/CBMisAFBVV95cUxQbWcxRFFOWUJvOE80Q3d3cS1NZzNBb2lwMUY5MTlKZFo3MmlvTEdXeUpWb3BtMUNPWFJvMHFCdlpBNFJzLVFvTGJrcW5lZkg2Z3VpZnJPT2pBakkxT2VsTlFvcUNfYklTYjdjUzdweS1oWEpSNzc1YURXczU4bWRWTjh3VVhIOWcybjNRbmoyRDNuX05uNndhMnIxTnNuaFI4MGZVZktaa0xNNmRmb1dGUNIBtgFBVV95cUxOQ0NXSVg3V2VWSVBNOHlIb3BfTDNmME0xWWpyNS1vNlFqLXpKVnZYY3BtNm1xWE5HcmxXbG1ZbEJfaUJwRVNHUjVSTFdSYXg3WWJMZ05uNGJTcHBsSXFsbElaWjhmTExtMDBRTlN3dVplOFg2Y0lFcWZEbm45SjktckxaLTVJZ3FpMzQxNzY1WDNvOS1wd044LXVzUjRpcV9TYnBoTFR1YndFcHZhSk14UDF5ajdMdw?oc=5,2026-02-22,"ML, India"
Google News (india),Trump raises global tariffs to 15%: What it means for India | India News - Hindustan Times,https://news.google.com/rss/articles/CBMivAFBVV95cUxObjhtdFFxRmEtelkyWUJuOEpWNDUtNm1WTWMzOGgwNzhvT0VHRGxuUGFzWXliWnFaN0xBQy1ucHB4Mjd3TGNORDkxUUZSWU9TRm1wZVVKbEpjUVRZYlhmZUJGcUg3SXVmVnhBVTN0M2EwMUhlaXhSNnNUUkE2enowN2VYWUVmakllblBUclo5dnE1UkdJQlA5NFQ0UkJhSmI3cGFHVHNTSnJvbzJWVDNJUjFnU1l2aDBwMnlRVNIBwgFBVV95cUxPdEl6MUYwME5hWDRBdkpzaERjMnBCQ2g0TDZ4VkJJZl9kVTVSQWNCcU5sWEtMTTBRenJZdFB1dkFwOUVCU1FpVHdqSy1Sem5VcFZfM1dxWjdJRm5uQkNHVkZLbTZYMW5Bc1U5ZmdJdkV6ejZPRUk5WHljb1VnVGtrVElLajExa0k2U0xxbVpLRkNjRUM4cjF4Mnh4U3ZSNE1EZnRKX1VOZGRUZ3JMOG80SHFLdzBRX0taNEVnYmhjYVZsUQ?oc=5,2026-02-22,"AI, India"
Google News (india),Shastri talks up India XI with ‘all bases covered’ - ICC,https://news.google.com/rss/articles/CBMiuAFBVV95cUxQTkp2RFNUd2U1b0lXZlRad0s4NUFmTXF3LUJzeHBoSlVkZnRTcFhaOWhwWDhTMGtpQmN2eXRINWk5WWgwVER0WVk4RENkNzVPYnMyRDBCdTlHMWtDWXBTVWthQmFBTWxMMmlXY3hkUk0xclJqR2t4WWg2c25KbFlfZ3BQcXhtSm45dGtPekk5eU41UXJzUlF4a21hNUxabHZIdEJHWmthSWdFdHZhZTBJazNfLXdiZnh2?oc=5,2026-02-22,"ML, India"
Google News (india),India and Brazil exchange ten agreements to boost cooperation in several sectors - News On AIR,https://news.google.com/rss/articles/CBMiwwFBVV95cUxQSmZtWTdHRk1nb0I5SEl1d0pPNVFqUnZKMFo4dzU1M2ZnZnBoa2NHUWJYeHk1TV8yMUNCX0ZIYjhoVUYwWHY5aWJKRXJqQzV1X3E4WEJQT3JuUnIwc21xcHFBLWg4WmNQTnNRdV9MaGJrQ2lSU1ZYTmtZT2VjeVpSaGRKUnpRNUk1TkZtUmNLZVhtemZocHZ3UDZjWXpJVEVvWHFjeHdaUkh3MFBRXzJLYUxic0dDZVVubHZGbmJqc0xYMDg?oc=5,2026-02-22,"AI, India"
Google News (india),AUS-W vs IND-W T20 2026: Smriti Mandhana helps India women register first series victory over Australia in a decade - Milano Cortina 2026,https://news.google.com/rss/articles/CBMikwFBVV95cUxORjV2dTc0TVByLXNWUzlLd3JHN3FkRFR3Q3ZfMTVyS1dpMVc3bFBYckZ5YTQ2NHJMMi0xMGRZYkVMX2Fmdlp6M1BQSldpM1k4a1VBSGhJRndPRjhyVnJLbFdlQUpaQzJGcmtoTXByczZpd0ttZEZkWFpRcU9LTFNySm5kbWpJRk43dnZsQTRCNzg5VVU?oc=5,2026-02-22,India
Google News (india),PM participates in the groundbreaking ceremony of HCL-Foxconn Semiconductor Unit in Uttar Pradesh via Video Conferencing - PM India,https://news.google.com/rss/articles/CBMijAJBVV95cUxObXdFV3lKZEt0dC1iTXVlQjk4QlREd21hdlNjUTBXMVF4a19PZ3k5dFdSS2FwRTlQTE5nVldNSXBxRnpaZ3YyeXowN3VlRVRLSU9raXRjWUh1bzhPTnFjTWtjeWJnLWhoQm1JdDd1OGk3aXZlYlJxZ19wQVVLaTNJTmxVZk5CZWx3cUZKSDJOVkRoOHhlTDFjc2hWZHBFTnRYZFFrWjRSUWw1NXZHQXkyZTZ0Z2JMY1liQUhNX2o3TTFReEFFOC01eWxLamRjVkIzN1RaMngyaUwxQnZzc056d1Qwa2FKdWt1U1FTNkMyRERJR3RuR0ZMM0NydUt1ekczeDliZ2lfVV8yWnY5?oc=5,2026-02-22,India
Google News (finance),Finance Commission Report reinforces Centre’s fiscal dominance over States - Frontline Magazine,https://news.google.com/rss/articles/CBMiwwFBVV95cUxOZmhHdE1DUkliUHVuR3d0RGdYaXBHZWlwYVRZZUtPTC1RNFRvUE9BRnROTnlxLTV0bkUxWEVtbnA3Q3F0M2RYakRXVU5QWk5GbWYxaFNlQndWYnpEYTBMZlVJTy1xU19tdDFwa2ZMOTVtMTdVblRHblJkTXZHcXZMX3AtU2J3TjNsZGt6cXUySDJ0WWtVemNLV3dPVFVLVE95Z1ZxX0ZiZ08zY21pV2FDMEY4U3lTNWpFU2hac21nTjMxN3PSAcoBQVVfeXFMTjA0NE5BRFNfTXRKSzRhUGhxODFSMXBwNHNRN3h3RU5sNEdwRTR4c3luejBNdVM2bFZTX0RvSG1uVk1ZY0lRVHJZNTQ0WER1Y0ktRGVOODNxS2F6ZjJrQUhBeTdodmw5WGlfYW0xYkswVnZKckl6eWV3MXVzVXp0bS1DX1FVZ05NOHBtQkN5QnUtb0t4d3ZMaERoZDU3RDItYzNqOS1RcXV3RERuZnNJWjNrc2ctWWtTX3pZR1NYRlVKaUpmUTZORlg0Zw?oc=5,2026-02-22,Finance
Google News (finance),"Skoda Auto Volkswagen India names Nitin Selot as ED – Finance, IT and Legal Affairs - Exchange4Media",https://news.google.com/rss/articles/CBMi3AFBVV95cUxPdHg1dldnYzhWZXE5cTBoN1ZvRUJzeWxsN25fb1FXRzVLa1dSZzczcU5JUDVTS29xSm1MXzVpaUx2Q01Td3BaOERMQzd0Z2puaGhuaS1wQmZkZXFiQ3YzbW03T0Ewd0hKajVxa1BYUnVza1BTOXhLbVpSM3JGV1hHalRvaGtpTFJlSV9jUWtsNFdQM3Z6dUg0WmZXdVROMVllbDVNeDVHRkI3cllGR0FiMUdhWXhBcVVkX3l1UG1FMXdvMV9KRHE3RXRIbG5PMVk4TXNFdHlqb0YtMnRU?oc=5,2026-02-22,"AI, India, Finance"
Google News (finance),"Aries Horoscope Today, February 22, 2026: Financial ventures demand calculated risks - The Times of India",https://news.google.com/rss/articles/CBMi9gFBVV95cUxPQ1ZUem5oRkFTZXhfOUpmMGFCX3BKNHVHYm1STWRpZUZRWWVhTVZUc2FNWmJFV193TGFIX2xVVTZvelY0VVZnY0lIOUdEQUYxdWNnZTAyVXMxWWxDOVhISndXQmxWRmlrUVhxc3gwNjgtRmgwd1h2LS1TZXB1Z0hDb3NVQlVlTVd4WnhzaG1FODR4Y2ZHdVhWWTZjZmVJMkJoYkdCYWdjNUFHMXdUTWRJOTBTZ29waFNtdDdpM3NyRjB1Ml9uZzh6RElaRXZsNm02U3Q4VWtzR0ZsN2JZalNrbnc2UXYzZGF4eUdyTmg3bTZhQkJMUlHSAfsBQVVfeXFMT29lY1NKQ3VqbG41cENVc21ldUN6aksxRjhnQzA3RHJyWDBMdnRJQ0tmMVp0VHhCMW01T29FV05BcHdpTnZEcTFVSl9HeDZZNG02SE9UWHV3bGlJbEZUNnUwZzVwQmRPTG1BVlFaX0RmRnBnUHdySHQwcVdVV3JUQ3F6ZmcxTXEtbThmcFV4b1hRTktYb1Z2dkFOQmVnSktxc1phZHZWRTdyU2JsTFZDaWdhZGNDcjRqU290dTltTG81SHFGT0dNYU1UQ2kzN0FaWmhqVU9iVzd5Nm1EaG9zRXJRQmJlOXR4SHZQVi10NFpTbUhObmozOVBuZzg?oc=5,2026-02-22,"ML, India, Financial"
Google News (finance),"Financial Horoscope Today, February 22, 2026: Libra Signs Should Avoid Haste, Find Out What Your Sign Says - India Today",https://news.google.com/rss/articles/CBMikAJBVV95cUxNLU9BMzBhSHdJT3NmaFZ4N0dJZUhLX25vVElVZmhFaTJ3UnRmVjRVZ1dPYkd3dTIxZVBod29Nb3FxSnlycmxpWnVvN0dzVWNNeUVGbFMtNHljV2JRZEZjcEVXSUEyUWVVMTkwdE5faDZ2dmJaU3BNcUxzTjFwS2l3eDRqa05OUWRzbF85THJMM0lBWFJHN0I2aWZvOUt3RW5pMTlHeDV4b1VSR19QNUl5N2hxN2hBNVFaTmwyS2RqdENCTnpCSWdGRE9JdXBmeXpaczRYS3F2Q21tb21CRGtZQUM3RTVOY1VVV0gzUDFESDczMHV3UU92YURSemFtNGNraDEtWEFROC1MWEFmX1VUNg?oc=5,2026-02-22,"India, Financial"
Google News (finance),"Daily Numerology Horoscope, February 22, 2026: Financial discipline for number 4 and 5? check your... - Moneycontrol",https://news.google.com/rss/articles/CBMi9wFBVV95cUxPZVpONVg5T0RETE5leGt1UlZ3RnFpcEpaSjVFVTYyQmZCWXFXYTJWbmFkSWVEa2RnNngtVDZLRXFDdWxrclozeUFjU3ZhaXVORXFNY2s0dTNONmJkX2NrSE0tMUR1WDd0X2Z4N0Y5di0ydm1vM3hILWQ0OExRQ1lMMjBmM24waEVCN2tVZkNXbHozT0JUc0RDM3RzTW5xdUxnZXlpMjBmWHdBWU1XTFV0NGtSbDVTR1hHS2FZM1BYWFhkcG1qRm8wZ0lxMVNGR3E4TUZvMGl4YnVNWnF3Z3VwWm1VWHppQXFzcDdMa1oxZnN1SWI1aC1F0gH8AUFVX3lxTE9yZ282OHRsdkxkVDhZS0tBeG5CMFdJT0RYRk1HOUZMSE9yVExzcnpkNmNIYjEtNTVIMVF6ekR6azBMLVdoaGprZmJRUnctMnlnc2s2d2Z4SngzelFVS3g1aVM1RnVhY2MwZm15eDJMalN4RFFfV2YyeHJmbV8tYU11X0VXdEFJblhvM1ZNbF9UZkRYSG5PRWVmRnViaXBCOFJNUU9qUjl5T2RoaWtyaFd1RWtKMW1MS3BCdkdNWDhxcmtXbGNnQ1paYk5GQzNfdkJSZ3VTdlZOWm53V1VDOVRJUGNpOTIxU3cxLVQ5cGFCRU5OTlpWdXBkeVoyaQ?oc=5,2026-02-22,"AI, ML, Financial"
Google News (finance),Buy Manappuram Finance; target of Rs 355: ICICI Securities - Moneycontrol,https://news.google.com/rss/articles/CBMiswFBVV95cUxPWXZKdFhmeUMyYTllZEN0TDJCN0gwbjBDOTlMZEhETDQxS0txWklvekZlTlJmV2FYelF6ODhTRGxYd2FVam5aWkhvNjlJbFg1Mk5lYzRWLTZEX2hYTHVKenFHVG4tYlhIZk14MTVRbWFkYjhtN1JCQmx1ZVQ2bDI3SF9WX0xKdjdkSmJaTTJXZ2s4bVZ1em9WWkZUQ2hQRXFCeGtWUnhlQm5aeXNXN2pTYVg3RdIBuAFBVV95cUxOaTlxQnlrWG9YdldTeGtxMEZmdktJZGJqYi1aY1daU3oxZUE1VEJVRE5QZEozaDlfOWhCMk5XcmZ6enUtNDZUOVVPbXUtdW9NeWFMTGxlVWVvMHdyM0hfZjdTWGlGeFpMbllRRFVndTNXbGo0TzZWZE5mSm5IelFyNHNfLTZkbzBxT3dia0M1dGdxWGVNMDRuOUZFUDN3M01FU1NXU0NkaGtJa2VRUUFNWjhlR0EyQlZU?oc=5,2026-02-22,Finance
Google News (finance),"Tech Query: LIC Housing Finance, Samvardhana Motherson International, Gujarat State Fertilizers & Chemicals (GSFC), Caplin Point Laboratories - What Is The Outlook? Where Are These Stocks Headed? - BusinessLine",https://news.google.com/rss/articles/CBMiiANBVV95cUxOYUlXWjFhenk2U1kyUHg4QUpDNGkzRnJVVnNZRGUxS0NXVjVNd3ZoYk41aEI0aXZabUdZdXRkejBtbmx0aU9LbmNQUFNFNGkyRGJoYkxuR0kxTVVMU3hBWXJNRlg1VVpLb2ZaTkdMem40UUh6SEE0M2l6bkltVnNZa2dxaTlxSjNnbGdZUTBBdlRYcU1PS1BVWHVRa3JENkRKWVltMWpWQVpNNWR3TTF3TkQ1ZXkzNUp2X0JYQWY1T0I5QUF3UllSd2JSbzZxeEdKUGhWNEFzRDVOVDJxZV9jMVdTRy0zbkJESkVSSW8yWV82dW5OR25odHM2dEsxSGQ2ZVdrNkJ1SkV6eVg1VHBYRjhOcV96c3AzQlF5WjBFNzFKRHJTSmpVSUVzMnRiWldFX1FPWUpsUGVndEpCanBkNmZ0eUlualV0WVFGNWVLYWc0TlFKc2p4SlV6azJRTzRiT1hmMXROX1lhZHMxc3Uwb1JJVjBxTEZYa1dFb0swckxMRXNpTTdVeNIBjwNBVV95cUxPOGdVVXhQX09WUW1NUWNGWllnN1o4c0ctTzNOR2Z3YjkzSWxBNm9TUk1KUzF1dWxKVzJQd1lWU1o2MG9ENVJna25BTUkwbXZkMnl1TnFWQV91MEI0WGhzYVdCSWlBdlFLNmh4NnJqa2Njdkd4NXNIRW5TalhZZFdQVnhuWXBacmViODNneUlBNWp0b0xRamtFWm52MnF5TUxYb0JhWGQteENUVDUyMkVnQ3JVMFhhNUJnWWFNQVR3RlN6MWdkZlBZdlRoTzJ5MTFZVTg4NGtvOHkzYjRXQzYyMUhkZ2FkYklHV0tpRmV4MjBQY0JtZVpYZHNBTU9sdmFoXy1WUnVvaUw5SkFPUHJGN2I2b3JLM01HWWhSM1cwZ0x1LXZPSjBwX1JsU0paWUdVanRLUEVlSFNIanBNZ3ZOYV9aVlhnazVjM2JTdDA5NzBDak5QTXhhSWZRWXpIdW5CYlJFSDN6a1JMeEQza3lhU3NUNk1kYXpiUzBsVkVjNnlNRnA1c2hxX1ZraXV4STQ?oc=5,2026-02-22,Finance
Google News (finance),SBI in talks with Japanese lenders for tie-up on acquisition finance: Chairman CS Setty - Daily Pioneer,https://news.google.com/rss/articles/CBMitwFBVV95cUxPSDJ6Nk05TzFOaXFGelEtRzM3RFdpd0wtdkVCVEpIOGJSN0dTUC1OaThubWV6cXpTbWxELWlVVDFyM2dxX1N0NE4yeU5lc3cxcDFSM3BQVF9NeXVTRF9aN0ZnYjJDQUYtRzFqVWxFMG94SklsNmlHNVlwTGphVWpDbmh1S0REbHpsRldKOXI2Ukt4TGZPeFdGSWQ0Y3VXeDNwSmNKNGhxNk1CU08ycVRIdlNIT0pwNDQ?oc=5,2026-02-22,"AI, ML, Finance"
Google News (finance),The Regulated Evolution of Ship Finance: Shipfinex Unveils “Maritime Asset Tokens” (MAT) Following VARA In-Principle Approval - TheWire.in,https://news.google.com/rss/articles/CBMi8AFBVV95cUxPX1VZdU5JM0lWc005dHhfeTZfM25tX3hyQXE0Rm9uZzVkNm5DaDByQW1zX05jaFpaT042QkFGTjJFUXJKTGxrSFZLVnpHeUNneGY4SU5LTm1wRmF6bkFWOUJLQ1JzNkxWOVlZUzVXMGFWMGF3UlY1ckJaZkNyZWtfdXlzZ3dNcm42U1VDaDE3SXhuRVk2dGpYdWxINlpzT2pnODJjTUN4NWVaRzlieG1QRldGQXVOREFndzBDTFlNajRjWEJCOUtGZGlyV20zcVYxQ3NtY3BveUdNUXFadVJ2MGVmWFdsVmxsRTlQQjlBbEvSAfYBQVVfeXFMUFEzOVJaODV1OEN4dFVZaUpvNWdCN0hhenFjTmc0WXN2THF5S2FBZnF2a3VpOE9YcXBqY2dUYmtQSV9NUzM3bzFHY183TWZrMjVnQTNweTU4MG1KZG90bUluQW5vcGdRRTF2Sm5TRG92TDd3bGRuaEhidFpESzZqbEtXeGZQZ21yejF5cXBYNm1URmg1X2pfUElxcGVGWVljcFdMM0hnWXFfUjFqc1dTMG4wTjFVM3RXaDdmSXBGOHNWa19NWG9zSG44NFZrM0Y0Nk5YQ2ZnSDNOMmFaWFhOTUN6Ui1DWXN6aDRZZjVoN1hqTWFvaWx3?oc=5,2026-02-22,Finance
Google News (finance),"Bajaj Finance, Aavas Financiers, MMFS, SBI Card, NAM India: InCred shares target prices - Business Today",https://news.google.com/rss/articles/CBMi4wFBVV95cUxNWmgtVGx4aGpPQUhjUENUZ1c4aTVzYjAtZDkzcEpaWlg1YldNUnBidXdFS2pNaGMtVVpFWEJXTE1HVnVwSUZ3VS1GalM1Q3MyN08zcXFRUGNlNnJjZlNCd1JtckZDSzhVRHZtNGF1MWdKZnVJaTlWREp2SlR4MkVUbUpYaG1uV1d5UXJYYWR3Q0YzaVRUZ0dZc1hNQ01FREVLTjNuY2t2ZmJuQk5Pb19NMFY2OWZkc0FmM2xBcVlhWFZpSVZJT09ab0k5aXdIM3NMd1BQSEdMbEFIblYzbTRGRE51UdIB6AFBVV95cUxPNkt4NkJJRUUwdE5Cemg0di13eEw2X1NIU1lIbUhJS0EyRFNMM29mWDViSnBlbXFyTjVGdWxBWk5GQ2EwX0RuQTBDcDFXeEtfYUVpTzQ2Qml1RnVfMVNOMUgxOGc5NVpqVGhoTzZncXhzX1Nuck5Kak5DZTZZY2hKUmVuWGJNVUxBUTRUX25FNmppQlhHcFg3UjhJUE55Z2hHNFJ1aGh4RkZSSlczUlNqVDZDYzFVdDdGbW9ROW01WXZvSF9fXzRsMDlkY0NHdG9SbjExWGgxcTFZM0xMc1RLSENiV01RTDlQ?oc=5,2026-02-22,"ML, India, Finance"
Google News (finance),FSB Regional Consultative Group for Sub-Saharan Africa meets in Zanzibar - Financial Stability Board,https://news.google.com/rss/articles/CBMiowFBVV95cUxPeDBZSG5UeVFFVU04eW9qWHNteExwbDBxV3JHdXozYU5SRGNnSG1wVXZXTjA2TmxXQXJQOE41VlZqNkR4cjJTOGdrdm1OcTBXckxYeW8yal93Mkl5UHRCMFdEN1VhZ2lrZlFsTk9oVEhIbjl6aTRLMkMtcWZZODVqLUZkRWNHeEdpcUJVRWoxTzNvQ3Z0Vkh5YjNIQ0dDS0p5T3pj?oc=5,2026-02-22,Financial
Google News (finance),"Govt releases ₹137 crore under 15th Finance Commission Grants to strengthen Rural Local Bodies in Goa, Meghalaya, Sikkim, Uttarakhand | DD News On Air - News On AIR",https://news.google.com/rss/articles/CBMi_AFBVV95cUxOcUlWQjU0YlNremRQR2YxWjQ4Sll1ckV1UW9SRk1mbGc3cWEwSXFYV3BIREc5VkhnRnFIYUtoZDFsZTBkMkd2a2lNZXVSbzRLdE1Eb0ZUYkZaSy1fc3dtcnJSa05lY25BT1BfOUhNUXJLNzJ1UDlUdGdFZXBpM2F6dlRFaUhIOHJhOXhIQ2FCYnN1QzJZc0JWV2dBZ0poVlhJbjVPQWZ1bEFXQVM4NFJQV2VCTEpXTGNZRnRfNHF3MEozdkIyZ201NGJYYWtOMEU4TmUxSXVNMjRQMnZaZUluODJlQ1YwTDBLREVPSC1tYVN3ZExlYzZXYUljQWQ?oc=5,2026-02-22,"AI, Finance"
Google News (finance),How Central Asia Accelerates AI Adoption in Finance - The Astana Times,https://news.google.com/rss/articles/CBMijAFBVV95cUxPNVlBOVRvMWh2UWRqUU1kMFhrYTQ4WXVzVlNWcTdNa2tfb3FfT0paX3N5TF9YVUtBTjBRZDJpak53aGs2REtPMjNRUkRZMVBZOGNlb1A5VlFuOWthT0cyMmhVQlRvdHUwdXgwY0NHSWZfTUZQZHdxZlhNSHdOQm5aMkZMd0VqbUJKdmQwSg?oc=5,2026-02-22,"AI, Finance"
Google News (finance),Why Islamic finance could provide an ethical model for funding the green transition - The Conversation,https://news.google.com/rss/articles/CBMiugFBVV95cUxON081ZERlVGp5cWJLcWZuWHZ6ZXgzUS05a1ktSnlQUWNVRUh3bTNUTFZIOG9vTEcyYXhjS2JyMzlmNkc3YlpDZGZRdXZGZWtrRWR6M1oyY18wWG1PbUl1TnBfc0pCNVBlNzduOW9rVjhTV1dtUkZsRHBkZjBSZXlJVUNERmowdWFLRXFQQ1hGc0NsRWxpM0ZPbGpfUWlLb1BmcHBycVpiWGUxTUFWMTNxdC1fdkt4aDN5ZGc?oc=5,2026-02-22,Finance
Google News (finance),Esteemed Finance and Public MA Partners Join in New York - Latham & Watkins LLP,https://news.google.com/rss/articles/CBMiiwFBVV95cUxQNTg1UmFVbms4VUFteWV4ZU5YWlVTTlU4LW95WmpSOFlpWm5aYm5hZzVVc0dCSnkzOVZvWDJ0YUhnZldtT2RjTDVFTGZ3dXh2VUV1UjF3V01SRVYzeEhMR1c4ZXNVVGFkNzF6N0V6eUF3clFqaHpVWWNvUWpXRFRrQi1tNllRN1NxMUtR?oc=5,2026-02-22,Finance
Google News (finance),Finance UG degree courses – 2026/27 entry - University of Reading,https://news.google.com/rss/articles/CBMib0FVX3lxTE8wNmJyUWRrQVpoVXdEMjdqLXJSYTNPSmRBeXlPWWVyY3lwbHFlSkxYMXpoTld1T2RpT3U4V3JQNGFfNmVLY0E4M09MaDFrSXNjZDFKTm1qRXZaZmNLMklsVV9oR0I1SW1tR2hqbzJxVQ?oc=5,2026-02-22,Finance
Google News (finance),Invisible Debt: A Silent Trap in India’s Digital Finance - newsclick.in,https://news.google.com/rss/articles/CBMif0FVX3lxTFA0WE9KUlZkaHVyZHdVLXpqZ19oTUNjMGkzUVQ2YmVBaU03bGVOTG9PeFZ1UWUyYWpRVWpoa0ZyaklVT28xcUJydnZILUlEcjlSdnJEUGY3anhxeGkxeERLRUJRV3c1RWJaOHlLeWJCV3BaQzN5bWVuN3Y5c3dWVG_SAYQBQVVfeXFMUENMaTh0V3VSTVdLUXFQUmtJMmNZNFVialp0VnNad0w2bEVEaFZHRm56LTZUYUF3Qzd6YkJ4TWtDUjdLU0F0dGR2Y0R5UnloTloyLUh2dWZsVGhSMDhCYkE1bHp0Z3FJMjdkTmRQX1g2T09QelNzcE91MlhxYnpyV211Z0Uz?oc=5,2026-02-22,"ML, India, Finance"
Google News (technology),The Pixel 10a will finally end the Tensor debate - Android Police,https://news.google.com/rss/articles/CBMihgFBVV95cUxNUUFtMjhrZXBleGdFOXJ2OVNxOVhrelUwMkNyaTV0NEpGYWx5ZFBjRVlwX1FfRHBOdWtDVjNOblF3akl0NHptZmFOdEpaMzEzN25LVURELVF5VlVIS3VFTDZYNkhTbURvbTFBU3h4OVJnamxtRkl3WEVaNVNsdlZIVTg3OC1QQQ?oc=5,2026-02-22,"AI, ML, CFA"
Google News (technology),"Intel ""Nova Lake-S"" Coming in 2027, CES Launch Alongside AMD ""Olympic Ridge"" Likely - TechPowerUp",https://news.google.com/rss/articles/CBMiswFBVV95cUxQekVTLUo5TWJLZnAxbHdsc05SY01JUDFJNUU3bXNmeWVtMmFDRGNEMHIyc0NwRUZmT1ZIenJEYl9xcUpMZnBHcVF5RHlIbDRjcHlValMxWDZHQTJ4TG5QaXR6WnV5VjM0SUNpbTd3eGxnY1J3WHByNEthR1FYVkpIWEg0Qk5PVVNoTC1lSlZKYjNZTkhUdkFKWGFpM2VHRTE3ZS1oZThfSmIxY2dSRkVDcURUQdIBuAFBVV95cUxORWdUdVdkY0FUN0VZQXpGRFk1NHlUVk1CU1BMcE5ITkFGOUZEQlRITmQyVy1KMEtiVXNEVDBkejNXeUZ2RjFZdmJkTURjaG9NME55WFVJdVdhRVRsTm1oZ3FCcWpibk1GY0pUM3pvYlptY01QQXdlaS1JVDNLc05uUEx6aFlDVXhGZHlqU2NVYnVwei11aXBvdmpWMDh3Q0hNejF2emxDVzFGMENlMlphTFhHXzM0ZEY2?oc=5,2026-02-22,ML
Google News (technology),"Galaxy AI turns into a multi-agent ecosystem, adds deep integration with Perplexity AI - GSMArena.com",https://news.google.com/rss/articles/CBMiwgFBVV95cUxPRnA4UGpqNndxQlNiLVVoUUlSS3ZtOXdfZlAtTW12bzRKbllRZ0dVRWZIdkQwbEozQ19DaWtNdkV3R1FLVWxXVU5yLVZBckhGQWkwRDhEU19Ccm11UTlCM1VjWl94V2F5R3I2XzViOUJ0Wm9Kb2cxWmdKcW1XWklLWVJrNUpTUHJzTmJqZVpPTTBUczJSQVctQVIwS2pHRHlGaTNaNkY0YnZ4WURGU2w0UVFUaVVDMm4wWmFhazV5R2t5QQ?oc=5,2026-02-22,AI
Google News (technology),Former Xbox president Sarah Bond bids farewell to Xbox staff - Eurogamer,https://news.google.com/rss/articles/CBMijwFBVV95cUxOcDNueG84SnVnVXlHcm95V1NNeUNvZS1SbmFCN1d2bENEeDBCUGk0YlFhX0d2UUFMR3F3Rmd0SmRBYVBWeTJRTTE2Z05PU2lyWlE3dnpYclFkaFNCeXRPZ1NGcWdaZDc3eFJaWG9rMnZKMmt5eGNVYUF5Q1RVZlpuOG5CRE1OaVc2UDl1b2JVZw?oc=5,2026-02-22,"AI, ML"
Google News (technology),The Legend Of Zelda Keeps Flirting With Dumping Fantasy For Sci-Fi - Kotaku,https://news.google.com/rss/articles/CBMihAFBVV95cUxNQ0Qtdi1TT2sxWW5ycll3Z3N5amlUSHVfTnRhd3RfU2M3NUtRMFJvak5IR3BiQ2lJbWVvYnNSaTF5NHFiRUszOWFfT0UyNFFoZE1UNENsc2hDaG51dENsbENhTUZUUWJtQjB4WHg2NEg5VHFvOXhpRXdfU0U5YXdKTEpqN2E?oc=5,2026-02-22,ML
Google News (technology),Gallery: Here's A Look At Pokémon FireRed And LeafGreen On Switch - Nintendo Life,https://news.google.com/rss/articles/CBMiqAFBVV95cUxNSEFJNzFMRUJmcW1taS1vMUJ5MlJaOEVmSTl6aWFKc0pwNm9lSDZNRXJsN2FqOVF4b1lIVEl0X1hfSkJ2NHNlZjJlMUZMdkpzX3dVOUFOLWt3R2dyVjdvRG5tQWE2ZmpxdkZiT3ZKTHhYY0U1dmgzTi1aMzVsTVhHVHgxeU93bUdJdjVrU0FLalVyWmlqS1pvZEZ6enZNSWJ3azRHQ0luOWM?oc=5,2026-02-22,ML
Google News (technology),Why people are buying iPods again - Axios,https://news.google.com/rss/articles/CBMia0FVX3lxTFAtSjh1ZnJETGpzcENYeVVSWnNPaEwxajBrX3BPYlJCVnBjY0hvWExkR21vMDlXMnZrY0xleUx0M1lBMzVUQ0JQMU80Z1NkSV83dnNuelRaTVhXaG1lNWR4bVFHcmZSc2FHcm9R?oc=5,2026-02-22,AI
Google News (technology),"Ubisoft is laying off 40 devs at studio working on Splinter Cell remake, but confirms the game is still in production - Eurogamer",https://news.google.com/rss/articles/CBMi2gFBVV95cUxNb3d0M2RMbEE3V1RHNllsSUwzN1RWYkZCREY3cWtGN2hhMTJXZzduWTIzUy1NUkF6RUFXd3hLUnR1VURLSlJ2R180SG5PZ3RoRjlQRXlBT2dfOVh0elNQaWdHUGYtR1FSQVVtTzc4WW9LcDY0bUtDSGFLR2FNX2VRVmRzcTluMEdxcm93bjZMZlJ2SUZJNF9nWUlfaExXV2xOZnNqZ2tYMS05YTA0bmZ6bWtudzlBeUxZMTBNalJpT1lQd1R4dDdhU3Z0Y1RsTVFYU05OUU1zRXVEUQ?oc=5,2026-02-22,ML
Google News (technology),"Saturday Pre-orders – Knock knock, it’s time to give up the bone-tithe - Warhammer Community",https://news.google.com/rss/articles/CBMixgFBVV95cUxOQ2hHUXZlbDRteHN4dU9hUHItRWpPUmhldVJ2dDZZQVU1dHBqbnpSa3htblpEc1JNVU1tdkVMR0d4elkyTU5rQjFjNUt3OEpxWjJhUERTSGNDSDFJeUJzbTlsWUxWZWFKSVhhSnIzejhkRWI3NDVXSmY5SmlfLVp2RnZ3dHVmTG9TWW5zSXlMYWpSbFJwNzV1b1BXX09BaHA4OUE0NXVCZjBrTDlXTk9uWFJ6WEJ3YTBnOHRjLVpLZGlDSW1iNkE?oc=5,2026-02-22,ML
Google News (technology),Why There's Simply No Need For A Password Manager Anymore - bgr.com,https://news.google.com/rss/articles/CBMie0FVX3lxTFBFMGgwN1BEWmlBNndPT1FyUnd3VGNjNk05WTM2dFJPTWQybEFfdndJVTNuZjNvSXNTY19YUllmdnRhdkVSWXRXVnhOdXdRSDlkdFFqN2lHdlgtQWZ5TkZIdzlDMGRNUEdIclFMMVk2c2VaR2tZX2o3R3JhRQ?oc=5,2026-02-22,ML
Google News (technology),Samsung Galaxy S26 Ultra: Beloved Special Offer Confirmed - Forbes,https://news.google.com/rss/articles/CBMiqwFBVV95cUxNbUxCWEg2SExfVjAzN01MZjVjQzJUcnJoTmxXbm42MHJORnhVR0RidV9OM05MSlZxMGFGUGliaE8tN0xOQ0ZuYl9TNDJhbDRXcTNYcTE3ZXJvcVdSVmdrWi1CWV9Vd2JKR1ZrMmdjYjhja3JwQjBSNC15c3ZTTGUxSGhjNk5MQ2Z2QWhvZ08tT3hzckJlMzE4NmM1S0ViTVJoM3ZOX203XzJaV3c?oc=5,2026-02-22,"AI, ML"
Google News (technology),Millions Of Samsung Galaxy Phones To Get New Feature Boost - Forbes,https://news.google.com/rss/articles/CBMinAFBVV95cUxQZ3dJX0hYWkRyMnN0aUs3MkM3LURqTVUydnk1UU95RGJVRmNWX1h5MXVvTHhiUF9DRmJFLWJtaTM4UDZzZEZqYWNVTUxmcm1jSDMyMER4VWdLYlI4NzJaYjBQRWxrV3drbS0tbHRZZkRHNlFVNldZYTQyWDFXTUJMTUVoR3Z4WXhERzJVd1FtZHJwcDJXdmtEMlg3T1A?oc=5,2026-02-22,"AI, ML"
Google News (technology),"Xbox Drops 5 Limited-Time Free Games, Includes 2025 AAA Hit - GAMINGbible",https://news.google.com/rss/articles/CBMipAFBVV95cUxQYkhNdC1zNm1QNVY4ZzB2UGttdlJ4LXc4NHJYSVlnS1pPNWt1MzZQcTg4WTB2aWo2VU1rMzRIVWpnNElnVDRjbnAtLXNqSkFDeGRQMUFpUTRhMUh2bWN2a0RpNXFQVy0td2gtUWt4QmM5UC1ocTZvdkhocllOaWlnaHBBdHJfd3hrdG14amIyQ3R3a0RIZGJ3Rk1fY2xaZ1ZXTzNzUg?oc=5,2026-02-22,"AI, ML"
Google News (technology),"The chart on this generator stock signals more gains ahead, says Carter Worth - CNBC",https://news.google.com/rss/articles/CBMiswFBVV95cUxNVHJ5OUh5LTFFcVpVZmVHY2dhOUppOXE0Mm4zRUpNb3JBdGhLeEpsbTVLYXBiczBMenhfNlFsQ1h3OGpxZW9ZaVNnWlR2NTRTLU9oTWJQalR5RXNGeXBCN3licFJqOUlkUGVhWXA1dExHTl84U3hLQlZ4RXNONTR6ckVBTXo5VWRQQ2ZPTzFKX1puekdYdE5jSXcyUnBqTFFsWXkyTXI3VFc1WHFueVdEdkRONA?oc=5,2026-02-22,AI
Google News (technology),Xenoblade Chronicles X’s new Nintendo Switch 2 Edition has some issues - Nintendo Everything,https://news.google.com/rss/articles/CBMiogFBVV95cUxOWmdfdjlkRmNNSmNuNXI4TlFnRGRNdmJ0ZGFodkd5R0VMTE1fNVAzWm5SZzNwQk5lM0ZpakIxQm5ZTEVMaHlScVRvVDIwS2pjRFM5TEFETVhIZGVQaGduai1XTXJFMml2RGQtSDlQZUZNM1dFM3Vhb1BOWDdoU1k1MmZ2b2ViQ2J2S09qcEJyaHBjRVkyQUdlQ1ZJbEtHWlJMX1E?oc=5,2026-02-22,"AI, ML, DCF"
Google News (technology),Borderlands 4: Legend of the Stone Demon Details - Restart.run,https://news.google.com/rss/articles/CBMinwFBVV95cUxPNjFmcHRUOGVVZVg2LTA2VXowd09WNzVVZmJ5N3ZRbzU5aVhxMFNDeWNtVFFUWUxLd3U5cWk4RjlGM1M5eHczSll2UkUzVWtkcVlEeGtOMS01eU5OTU8xWkRmNUtoa25aU0dPQVpXS2tEMDUwQjlmRE95bjZCSXFFWjB6ODAzeWdvb3NUWjhqVTlRM25NQ1hZUFd5UkxIT3c?oc=5,2026-02-22,"AI, ML, CFA"
Google News (technology),Apple’s upcoming AI smart glasses are starting to sound a lot more exciting - 9to5Mac,https://news.google.com/rss/articles/CBMijAFBVV95cUxPV19hNHR2a01ZcWdvSXpzRnUtVGFIZmRqQWR0VGhRcnhpaUg3c0tmMmNKbU1NMzNKaEtpYWtJT0g3NzRKUVR3NVRheHpSRTRWVlk2U1ZJOGJhZWJidlhHdEVKU3dkeFZ0UVRySlJCVDZSazRzTVhKQUQ4bkltRGlhOWpNTUxydlA1UFpUTA?oc=5,2026-02-22,"AI, ML"
Google News (technology),New PS5 Exclusive Game From Sony Is the First Flop of 2026 - ComicBook.com,https://news.google.com/rss/articles/CBMimAFBVV95cUxPdXIxX3RSS2RzbjZsRFlONjkyNW85cXlSR2NNX0lCSnNHNVkyN2FjUUpGeEpQSkdIN2FHemNLb2NwYmlzd0lsZFlzaFdVYU9oWHJzQUNObXY1Z0o2aERibWxJWnFhdVkxaERPN3ZJOHRVdEZuZTIzWXZpREhaWmhkd2NiQl9ISWEyVVhHVG84RU1rZG5kTGJQWg?oc=5,2026-02-22,ML
Economic Times,"As global luxury cools, India eyes entry now ",https://economictimes.indiatimes.com/industry/services/retail/window-for-shopping-as-global-luxury-cools-indian-investors-may-be-staring-at-a-rare-entry-point-in-watches-whisky-and-wine/articleshow/128663877.cms,2026-02-22,India
Economic Times,Seaplanes are back on India's policy radar ,https://economictimes.indiatimes.com/industry/transportation/airlines-/-aviation/ready-for-a-water-landing-after-a-series-of-disappointing-takeoffs-seaplanes-are-back-on-the-policy-radar/articleshow/128663081.cms,2026-02-22,India
Economic Times,"E175’s next stop? Adani, Embraer chart India move ",https://economictimes.indiatimes.com/industry/transportation/airlines-/-aviation/adani-aerospace-embraer-plan-to-set-up-final-assembly-line-for-e175-regional-jets-in-india/articleshow/128649422.cms,2026-02-22,India
Economic Times,India reacts to US Supreme Court's tariff strike ,https://economictimes.indiatimes.com/news/economy/foreign-trade/studying-implications-of-us-supreme-court-trump-tariff-ruling-says-commerce-ministry/articleshow/128641858.cms,2026-02-22,India
Economic Times,What US Supreme Court said on Trump's tariffs ,https://economictimes.indiatimes.com/news/international/global-trends/trumps-tariffs-struck-down-heres-what-the-us-supreme-court-said/articleshow/128615923.cms,2026-02-22,AI
Economic Times,India vs SA T20: Why it gets serious now ,https://economictimes.indiatimes.com/news/sports/india-vs-south-africa-t20-world-cup-why-it-gets-serious-now/articleshow/128653073.cms,2026-02-22,India
Economic Times,"86 nations, 2 int'l orgs sign Delhi AI Declaration ",https://economictimes.indiatimes.com/ai/ai-insights/86-nations-two-international-organisations-sign-ai-impact-summit-declaration-it-min-vaishnaw/articleshow/128640181.cms,2026-02-22,AI
Economic Times,"India W beat Australia W by 17 runs, win series ",https://economictimes.indiatimes.com/news/sports/india-beat-australia-by-17-runs-in-third-womens-t20i-seal-series-2-1/articleshow/128643486.cms,2026-02-22,India
Economic Times,Red Fort to remain open on all days of week ,https://economictimes.indiatimes.com/news/india/red-fort-to-remain-open-on-all-days-of-week-asi/articleshow/128643146.cms,2026-02-22,AI
Economic Times,India will be Naxal free by March 31: Amit Shah ,https://economictimes.indiatimes.com/news/defence/naxalism-to-be-eliminated-from-india-by-march-31-home-minister-amit-shah/articleshow/128639432.cms,2026-02-22,India
The Hindu,Uttarakhand CM approves action against ineligible beneficiaries drawing dual pensions,https://www.thehindu.com/news/national/uttarakhand/uttarakhand-cm-approves-action-against-ineligible-beneficiaries-drawing-dual-pensions/article70662390.ece,2026-02-22,AI
The Hindu,Why has eastern Nagaland got autonomy? | Explained,https://www.thehindu.com/news/national/nagaland/eastern-nagaland-autonomy-frontier-nagaland-territorial-authority-explained/article70660996.ece,2026-02-22,AI
The Hindu,Why has NGT cleared the Nicobar project? | Explained,https://www.thehindu.com/sci-tech/energy-and-environment/why-has-ngt-cleared-the-nicobar-project-explained/article70661022.ece,2026-02-22,"AI, India"
The Hindu,"Akhilesh questions removal of NSG cover, accuses BJP government of 'playing' with his security",https://www.thehindu.com/news/national/uttar-pradesh/akhilesh-questions-removal-of-nsg-cover-accuses-bjp-government-of-playing-with-his-security/article70661293.ece,2026-02-22,"AI, BJP"
The Hindu,Five school teachers held in Odisha for 'raping' 13-year-old girl,https://www.thehindu.com/news/national/odisha/five-school-teachers-held-in-odisha-for-raping-13-year-old-girl/article70661280.ece,2026-02-22,AI
The Hindu,IED recovered behind police post in Amritsar,https://www.thehindu.com/news/national/punjab/ied-recovered-behind-police-post-in-amritsar/article70661302.ece,2026-02-22,AI
The Hindu,Omar Abdullah pleads with Delhi to keep beating ordinary Kashmiri youth: J&K LoP Sunil Sharma,https://www.thehindu.com/news/national/jammu-and-kashmir/omar-abdullah-pleads-with-delhi-to-keep-beating-ordinary-kashmiri-youth-jk-lop-sunil-sharma/article70660690.ece,2026-02-22,AI
The Hindu,Actor Mammootty meets landslide survivor,https://www.thehindu.com/news/national/kerala/actor-mammootty-meets-landslide-survivor/article70660550.ece,2026-02-22,AI
The Hindu,Farm politics intensifies in west U.P. over India-U.S. deal,https://www.thehindu.com/news/national/uttar-pradesh/farm-politics-intensifies-in-westup-overindia-us-deal/article70661261.ece,2026-02-22,"AI, India, Politics"
The Hindu,G. Kumar Naik chairs DISHA meeting in Raichur,https://www.thehindu.com/news/national/karnataka/g-kumar-naik-chairs-disha-meeting-in-raichur/article70661040.ece,2026-02-22,AI
The Hindu,Narasimha Naik meets Prasannanand Swami at Hyderabad Hospital,https://www.thehindu.com/news/national/karnataka/narasimha-naik-meets-prasannanand-swami-at-hyderabad-hospital/article70660548.ece,2026-02-22,AI
BBC News,GB curlers denied Olympic gold at death yet again,https://www.bbc.com/sport/articles/c86y16qe90yo?at_medium=RSS&at_campaign=rss,2026-02-22,AI
BBC News,"UK should send non-combat troops to Ukraine now, former PM Johnson tells BBC",https://www.bbc.com/news/articles/cp32n6vxqplo?at_medium=RSS&at_campaign=rss,2026-02-22,AI
BBC News,The Papers: Andrew 'inquiry' calls and hiding from 'Putin's killer drones',https://www.bbc.com/news/articles/cx28ldj544jo?at_medium=RSS&at_campaign=rss,2026-02-22,AI
NewsLaundry,"Muscular commerce, polite politics",,2026-02-22,Politics
NewsLaundry,Galgotias: Who’s really to blame? And what India’s AI summit got right,,2026-02-22,"AI, India"
NewsLaundry,"Hafta 577: AI Impact Summit, big tech brokering, and Delhi’s logistical chaos",,2026-02-22,AI
